seed,split,sample_idx,controller_step_expected,chosen_step,oracle_step,required_hops,oracle_depth
2,val,0,3.0000293254852295,3.0,3.0,6,2
2,val,1,3.000260353088379,3.0,3.0,7,6
2,val,2,4.753594875335693,5.0,5.0,9,8
2,val,3,2.999894857406616,3.0,2.0,5,4
2,val,4,3.000007152557373,3.0,3.0,5,4
2,val,5,4.051455020904541,4.0,2.0,9,2
2,val,6,3.000257730484009,3.0,3.0,7,6
2,val,7,2.9999780654907227,3.0,2.0,5,4
2,val,8,3.000227451324463,3.0,3.0,7,6
2,val,9,4.152297019958496,4.0,8.0,9,8
2,val,10,4.44716215133667,4.0,6.0,9,2
2,val,11,2.9999165534973145,3.0,2.0,8,2
2,val,12,2.999990224838257,3.0,3.0,5,4
2,val,13,2.999999523162842,3.0,3.0,6,2
2,val,14,3.000199794769287,3.0,3.0,7,6
2,val,15,2.9998881816864014,3.0,2.0,6,2
2,val,16,2.9999842643737793,3.0,3.0,7,6
2,val,17,3.0003347396850586,3.0,3.0,8,2
2,val,18,3.000079393386841,3.0,3.0,5,4
2,val,19,3.0005571842193604,3.0,3.0,7,6
2,val,20,3.0003223419189453,3.0,3.0,7,6
2,val,21,2.9999544620513916,3.0,2.0,8,2
2,val,22,2.9999616146087646,3.0,2.0,7,6
2,val,23,2.999600410461426,3.0,2.0,8,2
2,val,24,4.894136905670166,5.0,9.0,9,8
2,val,25,4.530930519104004,5.0,5.0,9,8
2,val,26,2.9999325275421143,3.0,2.0,7,6
2,val,27,4.029425144195557,4.0,11.0,9,8
2,val,28,2.9999094009399414,3.0,2.0,5,4
2,val,29,4.024932861328125,4.0,16.0,9,8
2,val,30,3.000147819519043,3.0,3.0,8,2
2,val,31,3.0000100135803223,3.0,3.0,7,6
2,val,32,2.9998700618743896,3.0,2.0,7,2
2,val,33,4.064610481262207,4.0,2.0,9,2
2,val,34,3.0000414848327637,3.0,3.0,5,4
2,val,35,4.29245138168335,4.0,4.0,9,8
2,val,36,4.468326568603516,4.0,5.0,9,2
2,val,37,3.0004258155822754,3.0,3.0,7,6
2,val,38,3.000223398208618,3.0,3.0,8,2
2,val,39,3.0000550746917725,3.0,3.0,5,4
2,val,40,4.013329029083252,4.0,5.0,9,8
2,val,41,2.999903440475464,3.0,2.0,7,6
2,val,42,3.000581741333008,3.0,3.0,6,2
2,val,43,2.9999778270721436,3.0,3.0,5,4
2,val,44,3.000298023223877,3.0,3.0,5,4
2,val,45,4.448715686798096,4.0,2.0,9,8
2,val,46,4.052153587341309,4.0,2.0,9,8
2,val,47,3.0003373622894287,3.0,3.0,8,2
2,val,48,3.0001187324523926,3.0,3.0,7,6
2,val,49,2.9999349117279053,3.0,3.0,7,6
2,val,50,4.783174991607666,5.0,8.0,9,2
2,val,51,3.0000030994415283,3.0,3.0,7,6
2,val,52,3.000044822692871,3.0,3.0,7,6
2,val,53,3.0002388954162598,3.0,3.0,5,4
2,val,54,3.000162124633789,3.0,3.0,6,2
2,val,55,4.035090446472168,4.0,2.0,9,8
2,val,56,3.0000662803649902,3.0,3.0,7,6
2,val,57,2.9999120235443115,3.0,2.0,7,6
2,val,58,3.000070810317993,3.0,3.0,7,2
2,val,59,3.0004522800445557,3.0,3.0,7,6
2,val,60,2.9999911785125732,3.0,2.0,7,6
2,val,61,2.999973773956299,3.0,3.0,8,2
2,val,62,3.0003912448883057,3.0,3.0,5,4
2,val,63,2.9996979236602783,3.0,2.0,5,4
2,val,64,3.000164747238159,3.0,3.0,6,2
2,val,65,3.0002522468566895,3.0,3.0,5,4
2,val,66,2.9999425411224365,3.0,2.0,7,6
2,val,67,3.0000722408294678,3.0,3.0,5,4
2,val,68,4.539717674255371,5.0,9.0,9,8
2,val,69,3.0003764629364014,3.0,3.0,5,4
2,val,70,2.9999501705169678,3.0,3.0,5,4
2,val,71,4.820532321929932,5.0,2.0,9,8
2,val,72,3.0010154247283936,3.0,3.0,7,6
2,val,73,2.999971389770508,3.0,3.0,7,6
2,val,74,2.999985694885254,3.0,3.0,5,4
2,val,75,2.999980926513672,3.0,3.0,5,4
2,val,76,3.00012469291687,3.0,3.0,8,2
2,val,77,3.000478744506836,3.0,3.0,7,6
2,val,78,3.0002996921539307,3.0,3.0,5,4
2,val,79,4.152966022491455,4.0,5.0,9,8
2,val,80,2.999953269958496,3.0,3.0,5,4
2,val,81,3.0001420974731445,3.0,3.0,7,6
2,val,82,3.0003585815429688,3.0,3.0,7,6
2,val,83,4.022405624389648,4.0,5.0,9,2
2,val,84,2.9999685287475586,3.0,3.0,8,2
2,val,85,3.0000290870666504,3.0,3.0,5,4
2,val,86,2.9999260902404785,3.0,2.0,5,4
2,val,87,3.000288486480713,3.0,3.0,5,4
2,val,88,4.278597354888916,4.0,4.0,9,8
2,val,89,3.0020036697387695,3.0,3.0,7,2
2,val,90,2.9999358654022217,3.0,2.0,5,4
2,val,91,4.0765204429626465,4.0,2.0,9,8
2,val,92,2.999962329864502,3.0,2.0,5,4
2,val,93,3.000411033630371,3.0,3.0,7,6
2,val,94,4.110377311706543,4.0,2.0,9,8
2,val,95,3.0038976669311523,3.0,3.0,6,2
2,val,96,4.651860237121582,5.0,3.0,9,8
2,val,97,2.9999945163726807,3.0,3.0,5,4
2,val,98,4.422039031982422,4.0,2.0,9,8
2,val,99,2.999922275543213,3.0,2.0,5,2
2,val,100,2.9995501041412354,3.0,2.0,8,2
2,val,101,2.999957799911499,3.0,2.0,7,6
2,val,102,3.000070333480835,3.0,3.0,7,6
2,val,103,2.9998371601104736,3.0,2.0,5,4
2,val,104,3.000042200088501,3.0,2.0,7,6
2,val,105,3.000004291534424,3.0,3.0,5,4
2,val,106,3.000270128250122,3.0,3.0,5,2
2,val,107,2.9999940395355225,3.0,3.0,7,6
2,val,108,2.999945640563965,3.0,2.0,5,4
2,val,109,3.000020742416382,3.0,3.0,5,4
2,val,110,2.9998738765716553,3.0,2.0,7,6
2,val,111,3.0012948513031006,3.0,3.0,6,2
2,val,112,3.0001049041748047,3.0,3.0,5,4
2,val,113,2.9998996257781982,3.0,2.0,8,2
2,val,114,4.412387847900391,4.0,5.0,9,8
2,val,115,3.0000386238098145,3.0,3.0,7,6
2,val,116,3.0001626014709473,3.0,3.0,7,6
2,val,117,3.0007238388061523,3.0,3.0,8,2
2,val,118,3.000006914138794,3.0,3.0,5,4
2,val,119,3.000476837158203,3.0,3.0,6,2
2,val,120,4.0695013999938965,4.0,2.0,9,8
2,val,121,3.0001277923583984,3.0,3.0,8,2
2,val,122,3.0002622604370117,3.0,3.0,7,6
2,val,123,4.285640716552734,4.0,3.0,9,8
2,val,124,2.999946117401123,3.0,2.0,7,6
2,val,125,2.999943256378174,3.0,2.0,8,2
2,val,126,2.9999537467956543,3.0,3.0,8,2
2,val,127,4.061121940612793,4.0,5.0,9,2
2,val,128,3.000509262084961,3.0,3.0,8,2
2,val,129,2.9999349117279053,3.0,2.0,7,6
2,val,130,3.0000672340393066,3.0,3.0,6,2
2,val,131,3.0011069774627686,3.0,3.0,7,6
2,val,132,4.58729887008667,5.0,10.0,9,2
2,val,133,2.9999101161956787,3.0,2.0,7,6
2,val,134,3.0001115798950195,3.0,3.0,5,4
2,val,135,2.999933958053589,3.0,3.0,5,4
2,val,136,3.0000417232513428,3.0,3.0,7,2
2,val,137,3.0004844665527344,3.0,3.0,7,6
2,val,138,2.9999642372131348,3.0,2.0,5,4
2,val,139,4.299991607666016,4.0,9.0,9,2
2,val,140,2.999924898147583,3.0,2.0,7,2
2,val,141,3.000135660171509,3.0,3.0,5,4
2,val,142,4.7078328132629395,5.0,4.0,9,8
2,val,143,4.084580898284912,4.0,4.0,9,2
2,val,144,3.0000455379486084,3.0,2.0,5,4
2,val,145,4.073677062988281,4.0,2.0,9,8
2,val,146,3.000027894973755,3.0,3.0,7,6
2,val,147,4.412020683288574,4.0,8.0,9,2
2,val,148,3.0000414848327637,3.0,3.0,5,4
2,val,149,3.0009591579437256,3.0,3.0,7,6
2,val,150,2.9999663829803467,3.0,2.0,5,4
2,val,151,2.999929666519165,3.0,2.0,7,6
2,val,152,3.000056743621826,3.0,3.0,7,6
2,val,153,3.0051913261413574,3.0,3.0,5,4
2,val,154,3.000579833984375,3.0,3.0,5,4
2,val,155,4.9576191902160645,5.0,2.0,9,8
2,val,156,2.999884843826294,3.0,2.0,5,4
2,val,157,4.03324556350708,4.0,16.0,9,8
2,val,158,3.000396966934204,3.0,3.0,5,4
2,val,159,2.9999613761901855,3.0,3.0,5,4
2,val,160,4.136840343475342,4.0,6.0,9,8
2,val,161,5.002018451690674,5.0,2.0,9,8
2,val,162,4.115257263183594,4.0,4.0,9,8
2,val,163,2.999929904937744,3.0,2.0,5,4
2,val,164,3.0000054836273193,3.0,3.0,7,6
2,val,165,3.000194549560547,3.0,3.0,5,4
2,val,166,2.9998040199279785,3.0,2.0,5,4
2,val,167,2.99990177154541,3.0,2.0,5,4
2,val,168,3.000375270843506,3.0,3.0,7,6
2,val,169,2.999941349029541,3.0,2.0,7,6
2,val,170,4.399923324584961,4.0,5.0,9,2
2,val,171,3.000070333480835,3.0,3.0,7,6
2,val,172,4.375045299530029,4.0,5.0,9,2
2,val,173,2.9999778270721436,3.0,3.0,7,6
2,val,174,2.9999611377716064,3.0,3.0,7,6
2,val,175,4.0966291427612305,4.0,5.0,9,8
2,val,176,3.000058889389038,3.0,3.0,5,4
2,val,177,3.0000174045562744,3.0,3.0,5,4
2,val,178,3.0000486373901367,3.0,3.0,5,4
2,val,179,4.668667793273926,5.0,4.0,9,8
2,val,180,2.999917507171631,3.0,2.0,5,4
2,val,181,4.437093257904053,4.0,10.0,9,8
2,val,182,4.4566545486450195,4.0,6.0,9,2
2,val,183,2.9999237060546875,3.0,2.0,6,2
2,val,184,3.0006473064422607,3.0,3.0,7,2
2,val,185,4.8257856369018555,5.0,9.0,9,8
2,val,186,3.000878095626831,3.0,3.0,5,4
2,val,187,4.0733819007873535,4.0,2.0,9,8
2,val,188,2.999971866607666,3.0,2.0,7,6
2,val,189,2.999939441680908,3.0,3.0,5,4
2,val,190,2.9999842643737793,3.0,2.0,5,4
2,val,191,4.116610527038574,4.0,2.0,9,8
2,val,192,3.0001943111419678,3.0,3.0,5,4
2,val,193,4.17563533782959,4.0,2.0,9,8
2,val,194,3.001112937927246,3.0,3.0,5,4
2,val,195,3.0010743141174316,3.0,3.0,7,6
2,val,196,2.9999732971191406,3.0,2.0,7,6
2,val,197,3.0003280639648438,3.0,3.0,5,4
2,val,198,3.000133514404297,3.0,3.0,5,4
2,val,199,3.760605812072754,4.0,14.0,9,8
2,val,200,3.000258445739746,3.0,3.0,5,4
2,val,201,2.9999849796295166,3.0,3.0,5,4
2,val,202,2.9999263286590576,3.0,2.0,5,4
2,val,203,2.9999513626098633,3.0,3.0,7,6
2,val,204,3.000230312347412,3.0,3.0,7,6
2,val,205,4.500255107879639,5.0,2.0,9,8
2,val,206,3.000028133392334,3.0,3.0,7,6
2,val,207,4.175658702850342,4.0,5.0,9,2
2,val,208,4.257383823394775,4.0,5.0,9,2
2,val,209,4.107994556427002,4.0,16.0,9,8
2,val,210,4.139859676361084,4.0,16.0,9,8
2,val,211,2.999814748764038,3.0,2.0,6,2
2,val,212,4.249765872955322,4.0,6.0,9,8
2,val,213,4.070800304412842,4.0,2.0,9,8
2,val,214,3.0002496242523193,3.0,3.0,7,6
2,val,215,2.9999589920043945,3.0,3.0,5,4
2,val,216,3.000331401824951,3.0,3.0,7,6
2,val,217,4.449739456176758,4.0,7.0,9,8
2,val,218,3.0002565383911133,3.0,3.0,5,4
2,val,219,4.019983768463135,4.0,3.0,9,2
2,val,220,5.023913383483887,5.0,2.0,9,8
2,val,221,3.0003650188446045,3.0,3.0,5,4
2,val,222,3.0000014305114746,3.0,3.0,7,6
2,val,223,4.148106575012207,4.0,7.0,9,8
2,val,224,3.000141143798828,3.0,3.0,7,2
2,val,225,3.002119302749634,3.0,3.0,7,6
2,val,226,2.999964475631714,3.0,3.0,8,2
2,val,227,2.9999890327453613,3.0,3.0,7,6
2,val,228,3.0000674724578857,3.0,3.0,5,4
2,val,229,2.9998891353607178,3.0,2.0,7,2
2,val,230,3.000108480453491,3.0,3.0,8,2
2,val,231,3.0000617504119873,3.0,3.0,7,6
2,val,232,4.668664932250977,5.0,2.0,9,8
2,val,233,4.232158660888672,4.0,2.0,9,8
2,val,234,4.361313343048096,4.0,2.0,9,8
2,val,235,5.020448684692383,5.0,10.0,9,8
2,val,236,3.0000624656677246,3.0,3.0,7,6
2,val,237,4.073971271514893,4.0,14.0,9,8
2,val,238,3.0000388622283936,3.0,2.0,7,2
2,val,239,3.000541925430298,3.0,3.0,7,6
2,val,240,3.000183343887329,3.0,3.0,8,2
2,val,241,2.9999425411224365,3.0,2.0,5,4
2,val,242,3.0023739337921143,3.0,3.0,5,4
2,val,243,4.682971954345703,5.0,5.0,9,8
2,val,244,2.9999468326568604,3.0,2.0,5,4
2,val,245,3.0,3.0,3.0,5,4
2,val,246,3.000109910964966,3.0,3.0,7,6
2,val,247,3.0000128746032715,3.0,3.0,5,4
2,val,248,3.003957986831665,3.0,3.0,5,4
2,val,249,3.000844717025757,3.0,3.0,7,6
2,val,250,3.0005693435668945,3.0,3.0,5,4
2,val,251,4.07208776473999,4.0,2.0,9,8
2,val,252,4.315348148345947,4.0,6.0,9,8
2,val,253,4.325624465942383,4.0,5.0,9,2
2,val,254,4.634944438934326,5.0,4.0,9,8
2,val,255,3.000011920928955,3.0,3.0,7,6
2,val,256,3.0007972717285156,3.0,3.0,5,4
2,val,257,2.999946117401123,3.0,2.0,7,6
2,val,258,3.0000391006469727,3.0,2.0,7,6
2,val,259,3.001535177230835,3.0,3.0,5,4
2,val,260,2.999932289123535,3.0,3.0,7,6
2,val,261,3.000028133392334,3.0,3.0,5,4
2,val,262,3.0000507831573486,3.0,3.0,8,2
2,val,263,4.391117572784424,4.0,5.0,9,8
2,val,264,3.0008344650268555,3.0,3.0,5,4
2,val,265,4.7394537925720215,5.0,5.0,9,8
2,val,266,3.0000152587890625,3.0,3.0,7,6
2,val,267,3.0000739097595215,3.0,3.0,5,4
2,val,268,4.087173938751221,4.0,16.0,9,8
2,val,269,2.999939203262329,3.0,2.0,5,4
2,val,270,3.0000100135803223,3.0,3.0,5,4
2,val,271,2.999943494796753,3.0,2.0,7,6
2,val,272,3.000040054321289,3.0,3.0,5,4
2,val,273,2.9999704360961914,3.0,3.0,5,4
2,val,274,4.542921543121338,5.0,12.0,9,8
2,val,275,2.9999637603759766,3.0,2.0,7,6
2,val,276,4.146154880523682,4.0,5.0,9,2
2,val,277,2.9999568462371826,3.0,2.0,5,4
2,val,278,2.999990940093994,3.0,3.0,5,4
2,val,279,3.000073194503784,3.0,3.0,7,6
2,val,280,3.000171184539795,3.0,3.0,6,2
2,val,281,3.0008697509765625,3.0,3.0,5,4
2,val,282,4.865909576416016,5.0,6.0,9,8
2,val,283,4.014820575714111,4.0,6.0,9,8
2,val,284,3.001840591430664,3.0,3.0,7,6
2,val,285,4.1619744300842285,4.0,2.0,9,2
2,val,286,4.725429534912109,5.0,2.0,9,8
2,val,287,2.999964952468872,3.0,2.0,5,4
2,val,288,4.032931327819824,4.0,2.0,9,2
2,val,289,4.713436126708984,5.0,4.0,9,8
2,val,290,3.00002384185791,3.0,3.0,8,2
2,val,291,3.000070810317993,3.0,3.0,5,4
2,val,292,2.999929904937744,3.0,2.0,5,4
2,val,293,3.000208616256714,3.0,3.0,8,2
2,val,294,4.270425319671631,4.0,2.0,9,8
2,val,295,4.355447292327881,4.0,2.0,9,8
2,val,296,3.0000128746032715,3.0,3.0,7,6
2,val,297,2.9999759197235107,3.0,3.0,7,6
2,val,298,3.0003199577331543,3.0,3.0,5,4
2,val,299,2.9999794960021973,3.0,3.0,5,2
2,val,300,2.999866008758545,3.0,2.0,5,4
2,val,301,2.9999396800994873,3.0,2.0,7,6
2,val,302,2.9999828338623047,3.0,2.0,7,6
2,val,303,2.9999682903289795,3.0,3.0,7,2
2,val,304,3.0001912117004395,3.0,3.0,7,2
2,val,305,3.000607967376709,3.0,3.0,5,2
2,val,306,2.9998977184295654,3.0,2.0,5,4
2,val,307,4.463729381561279,4.0,5.0,9,2
2,val,308,3.000175714492798,3.0,3.0,7,6
2,val,309,4.823017597198486,5.0,13.0,9,8
2,val,310,4.119622707366943,4.0,2.0,9,8
2,val,311,3.0000226497650146,3.0,3.0,5,4
2,val,312,4.2942914962768555,4.0,2.0,9,8
2,val,313,4.277364730834961,4.0,4.0,9,2
2,val,314,3.0033493041992188,3.0,3.0,8,2
2,val,315,4.386593818664551,4.0,2.0,9,8
2,val,316,4.928532600402832,5.0,13.0,9,8
2,val,317,3.000048875808716,3.0,3.0,7,2
2,val,318,2.9999215602874756,3.0,2.0,6,2
2,val,319,4.910236835479736,5.0,3.0,9,8
2,val,320,2.9999468326568604,3.0,2.0,6,2
2,val,321,2.9999783039093018,3.0,3.0,8,2
2,val,322,2.9999377727508545,3.0,3.0,7,6
2,val,323,2.99999737739563,3.0,3.0,6,2
2,val,324,3.000035524368286,3.0,3.0,5,4
2,val,325,4.14307165145874,4.0,9.0,9,8
2,val,326,2.9999420642852783,3.0,2.0,7,6
2,val,327,2.9999847412109375,3.0,2.0,7,6
2,val,328,4.056358814239502,4.0,16.0,9,8
2,val,329,4.256311416625977,4.0,2.0,9,8
2,val,330,4.220734596252441,4.0,7.0,9,8
2,val,331,3.0003104209899902,3.0,3.0,8,2
2,val,332,3.0000247955322266,3.0,2.0,7,6
2,val,333,4.545125961303711,5.0,7.0,9,2
2,val,334,2.9999194145202637,3.0,2.0,5,4
2,val,335,3.0000863075256348,3.0,3.0,6,2
2,val,336,2.999998092651367,3.0,3.0,5,4
2,val,337,3.0020313262939453,3.0,3.0,7,6
2,val,338,3.0000290870666504,3.0,3.0,7,6
2,val,339,2.9999239444732666,3.0,2.0,7,6
2,val,340,2.999979257583618,3.0,2.0,6,2
2,val,341,4.139820575714111,4.0,8.0,9,8
2,val,342,4.111152172088623,4.0,2.0,9,2
2,val,343,2.9999794960021973,3.0,2.0,6,2
2,val,344,4.014344692230225,4.0,2.0,9,8
2,val,345,4.03563928604126,4.0,2.0,9,8
2,val,346,2.9999825954437256,3.0,2.0,5,4
2,val,347,4.61172342300415,5.0,2.0,9,8
2,val,348,2.9999165534973145,3.0,2.0,5,4
2,val,349,4.620606899261475,5.0,2.0,9,8
2,val,350,4.302483558654785,4.0,9.0,9,8
2,val,351,4.183537006378174,4.0,4.0,9,8
2,val,352,4.693416118621826,5.0,16.0,9,8
2,val,353,4.748347282409668,5.0,5.0,9,2
2,val,354,4.801623821258545,5.0,2.0,9,8
2,val,355,4.26253604888916,4.0,6.0,9,2
2,val,356,2.9999659061431885,3.0,3.0,6,2
2,val,357,2.999912977218628,3.0,2.0,5,4
2,val,358,4.971983909606934,5.0,2.0,9,8
2,val,359,4.001698017120361,4.0,2.0,9,2
2,val,360,4.02545690536499,4.0,2.0,9,8
2,val,361,3.0104756355285645,3.0,3.0,7,6
2,val,362,3.001814603805542,3.0,3.0,7,6
2,val,363,3.000527858734131,3.0,3.0,7,6
2,val,364,3.0003442764282227,3.0,3.0,5,2
2,val,365,2.9998698234558105,3.0,2.0,6,2
2,val,366,3.000276565551758,3.0,3.0,7,6
2,val,367,4.234430313110352,4.0,5.0,9,8
2,val,368,2.9999959468841553,3.0,3.0,7,6
2,val,369,4.356310844421387,4.0,2.0,9,8
2,val,370,3.9885916709899902,4.0,5.0,9,2
2,val,371,2.999983072280884,3.0,3.0,5,4
2,val,372,4.805335998535156,5.0,5.0,9,8
2,val,373,3.0001351833343506,3.0,3.0,8,2
2,val,374,4.188605308532715,4.0,2.0,9,8
2,val,375,2.999959707260132,3.0,3.0,5,4
2,val,376,4.562044143676758,5.0,16.0,9,8
2,val,377,3.0000593662261963,3.0,3.0,7,6
2,val,378,3.0104033946990967,3.0,3.0,7,6
2,val,379,3.000213623046875,3.0,3.0,7,6
2,val,380,3.0000295639038086,3.0,3.0,5,4
2,val,381,3.000196695327759,3.0,3.0,7,6
2,val,382,2.999908208847046,3.0,2.0,7,6
2,val,383,4.213128089904785,4.0,2.0,9,8
2,val,384,2.999964714050293,3.0,2.0,5,4
2,val,385,3.0003035068511963,3.0,3.0,5,4
2,val,386,3.000101327896118,3.0,2.0,7,6
2,val,387,3.0004186630249023,3.0,3.0,5,4
2,val,388,3.0000531673431396,3.0,3.0,7,6
2,val,389,3.0000545978546143,3.0,3.0,7,6
2,val,390,4.453360557556152,4.0,2.0,9,8
2,val,391,3.0000202655792236,3.0,3.0,5,2
2,val,392,2.999870777130127,3.0,2.0,7,6
2,val,393,4.767096519470215,5.0,3.0,9,8
2,val,394,2.9999735355377197,3.0,3.0,7,2
2,val,395,4.047818660736084,4.0,3.0,9,8
2,val,396,4.625891208648682,5.0,10.0,9,8
2,val,397,3.0002329349517822,3.0,3.0,7,6
2,val,398,3.000009059906006,3.0,3.0,7,2
2,val,399,3.000770330429077,3.0,3.0,5,4
2,val,400,3.0009827613830566,3.0,3.0,7,6
2,val,401,2.9999659061431885,3.0,3.0,5,4
2,val,402,2.9998648166656494,3.0,2.0,5,4
2,val,403,2.999925136566162,3.0,2.0,6,2
2,val,404,4.897270202636719,5.0,2.0,9,8
2,val,405,2.999936103820801,3.0,2.0,7,6
2,val,406,2.9997432231903076,3.0,2.0,5,4
2,val,407,4.663944244384766,5.0,8.0,9,8
2,val,408,2.9999639987945557,3.0,3.0,8,2
2,val,409,4.1084303855896,4.0,4.0,9,2
2,val,410,4.306647777557373,4.0,2.0,9,8
2,val,411,2.9999799728393555,3.0,3.0,6,2
2,val,412,4.581849575042725,5.0,2.0,9,8
2,val,413,2.9999563694000244,3.0,3.0,5,4
2,val,414,3.000070571899414,3.0,3.0,5,4
2,val,415,4.284726142883301,4.0,11.0,9,8
2,val,416,3.000514268875122,3.0,3.0,5,4
2,val,417,2.999962091445923,3.0,3.0,5,4
2,val,418,2.999894857406616,3.0,2.0,8,2
2,val,419,2.999847173690796,3.0,2.0,6,2
2,val,420,3.0001513957977295,3.0,3.0,5,4
2,val,421,3.0000197887420654,3.0,3.0,7,6
2,val,422,2.9998955726623535,3.0,2.0,7,6
2,val,423,4.543578624725342,5.0,5.0,9,2
2,val,424,4.829986572265625,5.0,2.0,9,8
2,val,425,2.9999842643737793,3.0,3.0,5,4
2,val,426,2.999957323074341,3.0,3.0,7,6
2,val,427,3.000833034515381,3.0,3.0,7,6
2,val,428,4.703553199768066,5.0,6.0,9,2
2,val,429,4.381065368652344,4.0,8.0,9,8
2,val,430,2.9999747276306152,3.0,3.0,7,6
2,val,431,3.000004529953003,3.0,3.0,8,2
2,val,432,3.969992160797119,4.0,5.0,9,8
2,val,433,3.0007224082946777,3.0,3.0,5,4
2,val,434,3.0012259483337402,3.0,3.0,8,2
2,val,435,4.765834331512451,5.0,6.0,9,8
2,val,436,3.0000054836273193,3.0,3.0,5,4
2,val,437,3.000019073486328,3.0,3.0,8,2
2,val,438,4.672989368438721,5.0,9.0,9,8
2,val,439,3.000157356262207,3.0,2.0,7,6
2,val,440,4.140231609344482,4.0,5.0,9,8
2,val,441,4.083652496337891,4.0,4.0,9,8
2,val,442,2.999882936477661,3.0,3.0,6,2
2,val,443,3.0012760162353516,3.0,3.0,5,4
2,val,444,2.999932050704956,3.0,2.0,7,6
2,val,445,4.437645435333252,4.0,6.0,9,2
2,val,446,4.767843723297119,5.0,2.0,9,8
2,val,447,4.72943115234375,5.0,9.0,9,8
2,val,448,3.000047445297241,3.0,3.0,5,4
2,val,449,2.999962329864502,3.0,2.0,7,6
2,val,450,2.9999117851257324,3.0,2.0,5,4
2,val,451,2.999899387359619,3.0,2.0,7,6
2,val,452,3.000075578689575,3.0,3.0,7,6
2,val,453,4.069138526916504,4.0,6.0,9,8
2,val,454,3.0001742839813232,3.0,3.0,5,4
2,val,455,2.9999988079071045,3.0,3.0,7,6
2,val,456,3.0014569759368896,3.0,3.0,5,4
2,val,457,3.000096321105957,3.0,3.0,7,2
2,val,458,3.0000112056732178,3.0,3.0,7,6
2,val,459,2.9999918937683105,3.0,3.0,8,2
2,val,460,4.061870098114014,4.0,4.0,9,8
2,val,461,3.0000545978546143,3.0,3.0,7,2
2,val,462,4.066238880157471,4.0,14.0,9,8
2,val,463,4.574103355407715,5.0,3.0,9,8
2,val,464,3.0000345706939697,3.0,3.0,8,2
2,val,465,3.000028610229492,3.0,3.0,7,6
2,val,466,3.017803192138672,3.0,3.0,5,4
2,val,467,3.0003151893615723,3.0,3.0,5,4
2,val,468,3.0001046657562256,3.0,3.0,5,4
2,val,469,3.0000600814819336,3.0,3.0,7,6
2,val,470,4.997340202331543,5.0,2.0,9,8
2,val,471,4.158425807952881,4.0,2.0,9,8
2,val,472,2.9999115467071533,3.0,2.0,5,4
2,val,473,3.0000340938568115,3.0,3.0,7,6
2,val,474,4.1106181144714355,4.0,7.0,9,2
2,val,475,4.060469150543213,4.0,4.0,9,8
2,val,476,4.027552127838135,4.0,2.0,9,8
2,val,477,2.999863862991333,3.0,2.0,8,2
2,val,478,2.999932050704956,3.0,3.0,7,6
2,val,479,3.0000479221343994,3.0,3.0,5,4
2,val,480,4.725168704986572,5.0,2.0,9,8
2,val,481,3.0056607723236084,3.0,3.0,7,6
2,val,482,3.0089802742004395,3.0,3.0,8,2
2,val,483,2.9999606609344482,3.0,3.0,7,6
2,val,484,2.999899387359619,3.0,2.0,7,6
2,val,485,4.043154716491699,4.0,2.0,9,8
2,val,486,2.999891519546509,3.0,2.0,5,4
2,val,487,4.04953145980835,4.0,15.0,9,8
2,val,488,3.0000064373016357,3.0,3.0,5,4
2,val,489,4.706408500671387,5.0,5.0,9,2
2,val,490,3.014577627182007,3.0,3.0,7,6
2,val,491,4.259487628936768,4.0,8.0,9,2
2,val,492,4.115901947021484,4.0,5.0,9,8
2,val,493,4.378429889678955,4.0,16.0,9,8
2,val,494,2.9999101161956787,3.0,2.0,5,4
2,val,495,4.145951271057129,4.0,2.0,9,8
2,val,496,4.213441371917725,4.0,13.0,9,8
2,val,497,4.058994293212891,4.0,5.0,9,2
2,val,498,4.997967720031738,5.0,6.0,9,2
2,val,499,2.999952554702759,3.0,2.0,6,2
2,val,500,4.284763336181641,4.0,7.0,9,2
2,val,501,4.148470878601074,4.0,5.0,9,2
2,val,502,3.000114917755127,3.0,3.0,5,4
2,val,503,3.000216245651245,3.0,3.0,7,6
2,val,504,2.9998605251312256,3.0,2.0,7,2
2,val,505,3.0003116130828857,3.0,3.0,5,4
2,val,506,4.52291202545166,5.0,10.0,9,8
2,val,507,3.0000648498535156,3.0,3.0,5,4
2,val,508,3.000047445297241,3.0,3.0,7,6
2,val,509,4.337479114532471,4.0,5.0,9,8
2,val,510,2.999976634979248,3.0,3.0,7,6
2,val,511,3.0007753372192383,3.0,3.0,7,6
2,ood_mixed,0,2.9999778270721436,3.0,3.0,7,6
2,ood_mixed,1,4.927506923675537,5.0,2.0,9,8
2,ood_mixed,2,3.0002102851867676,3.0,3.0,7,6
2,ood_mixed,3,3.000059127807617,3.0,3.0,7,2
2,ood_mixed,4,3.0002644062042236,3.0,3.0,5,4
2,ood_mixed,5,3.9909212589263916,4.0,4.0,9,2
2,ood_mixed,6,4.134492874145508,4.0,8.0,9,2
2,ood_mixed,7,3.0001542568206787,3.0,3.0,7,6
2,ood_mixed,8,2.9999618530273438,3.0,3.0,7,6
2,ood_mixed,9,3.0000147819519043,3.0,3.0,8,2
2,ood_mixed,10,2.999950885772705,3.0,3.0,7,2
2,ood_mixed,11,3.0000808238983154,3.0,3.0,5,4
2,ood_mixed,12,2.9998929500579834,3.0,2.0,5,4
2,ood_mixed,13,3.0021233558654785,3.0,3.0,5,4
2,ood_mixed,14,2.9998481273651123,3.0,2.0,5,4
2,ood_mixed,15,3.00016713142395,3.0,3.0,7,6
2,ood_mixed,16,4.176042556762695,4.0,12.0,9,8
2,ood_mixed,17,2.999943494796753,3.0,2.0,5,4
2,ood_mixed,18,3.000816822052002,3.0,3.0,8,2
2,ood_mixed,19,2.99997878074646,3.0,3.0,5,4
2,ood_mixed,20,4.201651573181152,4.0,7.0,9,8
2,ood_mixed,21,3.0231781005859375,3.0,3.0,8,2
2,ood_mixed,22,3.000166177749634,3.0,3.0,5,4
2,ood_mixed,23,3.0000131130218506,3.0,3.0,5,4
2,ood_mixed,24,2.9999585151672363,3.0,2.0,8,2
2,ood_mixed,25,3.0002942085266113,3.0,3.0,6,2
2,ood_mixed,26,2.9999425411224365,3.0,2.0,7,6
2,ood_mixed,27,2.999997615814209,3.0,2.0,5,4
2,ood_mixed,28,4.936250686645508,5.0,2.0,9,8
2,ood_mixed,29,2.999924421310425,3.0,2.0,7,6
2,ood_mixed,30,2.9999639987945557,3.0,3.0,7,6
2,ood_mixed,31,3.00136137008667,3.0,3.0,7,6
2,ood_mixed,32,3.0006637573242188,3.0,3.0,7,6
2,ood_mixed,33,3.0030195713043213,3.0,3.0,8,2
2,ood_mixed,34,3.000084638595581,3.0,3.0,7,2
2,ood_mixed,35,3.000048875808716,3.0,3.0,5,4
2,ood_mixed,36,4.6535210609436035,5.0,4.0,9,8
2,ood_mixed,37,2.9999964237213135,3.0,3.0,7,6
2,ood_mixed,38,3.000027894973755,3.0,3.0,7,6
2,ood_mixed,39,3.000211715698242,3.0,3.0,7,6
2,ood_mixed,40,3.0006566047668457,3.0,3.0,7,6
2,ood_mixed,41,4.007633686065674,4.0,4.0,9,2
2,ood_mixed,42,3.000056743621826,3.0,3.0,8,2
2,ood_mixed,43,3.000635862350464,3.0,3.0,5,4
2,ood_mixed,44,3.0000550746917725,3.0,3.0,8,2
2,ood_mixed,45,3.000062942504883,3.0,3.0,8,2
2,ood_mixed,46,2.9998891353607178,3.0,2.0,7,6
2,ood_mixed,47,3.000044345855713,3.0,3.0,5,4
2,ood_mixed,48,4.280241012573242,4.0,5.0,9,2
2,ood_mixed,49,2.9999492168426514,3.0,3.0,5,4
2,ood_mixed,50,2.9999353885650635,3.0,2.0,5,4
2,ood_mixed,51,3.001270055770874,3.0,3.0,6,2
2,ood_mixed,52,4.768213748931885,5.0,5.0,9,2
2,ood_mixed,53,2.999957799911499,3.0,3.0,7,6
2,ood_mixed,54,3.000080108642578,3.0,3.0,7,6
2,ood_mixed,55,4.047151565551758,4.0,7.0,9,8
2,ood_mixed,56,2.999903678894043,3.0,2.0,7,6
2,ood_mixed,57,3.0005154609680176,3.0,3.0,6,2
2,ood_mixed,58,3.0019419193267822,3.0,3.0,5,4
2,ood_mixed,59,2.9998815059661865,3.0,2.0,5,4
2,ood_mixed,60,4.480609893798828,4.0,14.0,9,8
2,ood_mixed,61,3.0004305839538574,3.0,3.0,7,6
2,ood_mixed,62,2.999897003173828,3.0,2.0,5,4
2,ood_mixed,63,4.601988792419434,5.0,4.0,9,8
2,ood_mixed,64,3.0013859272003174,3.0,3.0,5,4
2,ood_mixed,65,3.0000717639923096,3.0,3.0,7,2
2,ood_mixed,66,2.99992299079895,3.0,2.0,7,6
2,ood_mixed,67,3.0000133514404297,3.0,3.0,5,4
2,ood_mixed,68,3.0000522136688232,3.0,3.0,8,2
2,ood_mixed,69,4.250308036804199,4.0,6.0,9,8
2,ood_mixed,70,2.9999380111694336,3.0,2.0,7,6
2,ood_mixed,71,3.0016822814941406,3.0,3.0,7,6
2,ood_mixed,72,3.0000250339508057,3.0,3.0,5,4
2,ood_mixed,73,4.058610916137695,4.0,12.0,9,8
2,ood_mixed,74,2.9999423027038574,3.0,2.0,7,6
2,ood_mixed,75,3.0006778240203857,3.0,3.0,6,2
2,ood_mixed,76,2.9999561309814453,3.0,3.0,5,4
2,ood_mixed,77,2.9998528957366943,3.0,2.0,7,6
2,ood_mixed,78,3.000924587249756,3.0,3.0,7,6
2,ood_mixed,79,2.999976634979248,3.0,3.0,7,6
2,ood_mixed,80,2.9999661445617676,3.0,2.0,7,6
2,ood_mixed,81,4.043669700622559,4.0,5.0,9,8
2,ood_mixed,82,2.9999358654022217,3.0,3.0,7,2
2,ood_mixed,83,3.0004026889801025,3.0,3.0,5,4
2,ood_mixed,84,3.0002803802490234,3.0,3.0,7,6
2,ood_mixed,85,3.0002729892730713,3.0,3.0,7,6
2,ood_mixed,86,4.1205973625183105,4.0,5.0,9,2
2,ood_mixed,87,4.039624214172363,4.0,2.0,9,8
2,ood_mixed,88,4.173927307128906,4.0,8.0,9,8
2,ood_mixed,89,2.999927043914795,3.0,2.0,7,6
2,ood_mixed,90,2.999974250793457,3.0,3.0,5,4
2,ood_mixed,91,3.000551700592041,3.0,3.0,7,6
2,ood_mixed,92,3.000621795654297,3.0,3.0,5,4
2,ood_mixed,93,3.0031232833862305,3.0,3.0,5,4
2,ood_mixed,94,3.000049352645874,3.0,3.0,7,6
2,ood_mixed,95,4.030562400817871,4.0,2.0,9,8
2,ood_mixed,96,2.999925374984741,3.0,2.0,6,2
2,ood_mixed,97,2.9999537467956543,3.0,2.0,5,4
2,ood_mixed,98,4.995396614074707,5.0,5.0,9,8
2,ood_mixed,99,3.0004684925079346,3.0,3.0,7,6
2,ood_mixed,100,2.9999217987060547,3.0,2.0,7,2
2,ood_mixed,101,2.9999849796295166,3.0,3.0,7,6
2,ood_mixed,102,3.002192735671997,3.0,3.0,7,6
2,ood_mixed,103,3.00085186958313,3.0,3.0,5,4
2,ood_mixed,104,2.999946117401123,3.0,3.0,5,4
2,ood_mixed,105,3.0002260208129883,3.0,3.0,5,4
2,ood_mixed,106,3.0000452995300293,3.0,3.0,5,4
2,ood_mixed,107,3.0021369457244873,3.0,3.0,8,2
2,ood_mixed,108,3.0002400875091553,3.0,3.0,5,4
2,ood_mixed,109,2.9999873638153076,3.0,3.0,7,6
2,ood_mixed,110,4.8656182289123535,5.0,5.0,9,8
2,ood_mixed,111,3.0003390312194824,3.0,3.0,7,6
2,ood_mixed,112,2.999931573867798,3.0,2.0,7,6
2,ood_mixed,113,4.420893669128418,4.0,11.0,9,8
2,ood_mixed,114,4.909857273101807,5.0,2.0,9,8
2,ood_mixed,115,4.952898025512695,5.0,2.0,9,2
2,ood_mixed,116,2.9999594688415527,3.0,3.0,6,2
2,ood_mixed,117,2.9999876022338867,3.0,3.0,7,6
2,ood_mixed,118,3.0007457733154297,3.0,3.0,7,6
2,ood_mixed,119,3.0002036094665527,3.0,3.0,7,6
2,ood_mixed,120,2.999979257583618,3.0,3.0,7,6
2,ood_mixed,121,2.9999587535858154,3.0,3.0,7,6
2,ood_mixed,122,2.9999990463256836,3.0,3.0,7,6
2,ood_mixed,123,3.0000016689300537,3.0,3.0,7,2
2,ood_mixed,124,2.999819755554199,3.0,2.0,7,6
2,ood_mixed,125,3.0002081394195557,3.0,3.0,5,4
2,ood_mixed,126,3.0007903575897217,3.0,3.0,5,4
2,ood_mixed,127,2.9999616146087646,3.0,3.0,5,4
2,ood_mixed,128,2.9999401569366455,3.0,2.0,5,4
2,ood_mixed,129,2.9998884201049805,3.0,2.0,5,4
2,ood_mixed,130,4.046171188354492,4.0,2.0,9,8
2,ood_mixed,131,3.0000953674316406,3.0,3.0,5,4
2,ood_mixed,132,4.084786415100098,4.0,5.0,9,8
2,ood_mixed,133,4.487269401550293,4.0,16.0,9,8
2,ood_mixed,134,3.000030279159546,3.0,3.0,8,2
2,ood_mixed,135,4.076716423034668,4.0,7.0,9,8
2,ood_mixed,136,3.0000739097595215,3.0,3.0,5,4
2,ood_mixed,137,3.0000195503234863,3.0,3.0,7,6
2,ood_mixed,138,4.419314384460449,4.0,7.0,9,2
2,ood_mixed,139,4.154784202575684,4.0,12.0,9,8
2,ood_mixed,140,2.9999759197235107,3.0,2.0,7,6
2,ood_mixed,141,3.0000827312469482,3.0,2.0,7,6
2,ood_mixed,142,3.000714063644409,3.0,3.0,5,2
2,ood_mixed,143,4.640933036804199,5.0,7.0,9,8
2,ood_mixed,144,2.999966859817505,3.0,3.0,7,6
2,ood_mixed,145,3.0000767707824707,3.0,3.0,5,4
2,ood_mixed,146,2.9999639987945557,3.0,3.0,7,6
2,ood_mixed,147,4.079009056091309,4.0,5.0,9,2
2,ood_mixed,148,2.999964714050293,3.0,2.0,7,6
2,ood_mixed,149,4.3517303466796875,4.0,2.0,9,8
2,ood_mixed,150,2.9999196529388428,3.0,2.0,5,4
2,ood_mixed,151,4.025469779968262,4.0,2.0,9,8
2,ood_mixed,152,4.741241455078125,5.0,5.0,9,8
2,ood_mixed,153,3.0000131130218506,3.0,3.0,7,6
2,ood_mixed,154,2.9999403953552246,3.0,3.0,5,4
2,ood_mixed,155,4.778472900390625,5.0,4.0,9,8
2,ood_mixed,156,2.999990224838257,3.0,2.0,7,6
2,ood_mixed,157,2.999999761581421,3.0,3.0,5,4
2,ood_mixed,158,2.999950647354126,3.0,2.0,7,6
2,ood_mixed,159,4.6258721351623535,5.0,2.0,9,8
2,ood_mixed,160,3.0009610652923584,3.0,3.0,5,4
2,ood_mixed,161,4.091290473937988,4.0,12.0,9,8
2,ood_mixed,162,4.408817291259766,4.0,6.0,9,2
2,ood_mixed,163,4.174304962158203,4.0,5.0,9,8
2,ood_mixed,164,3.000303030014038,3.0,3.0,5,4
2,ood_mixed,165,2.9999096393585205,3.0,2.0,7,6
2,ood_mixed,166,3.000187635421753,3.0,3.0,5,2
2,ood_mixed,167,2.99990177154541,3.0,2.0,7,6
2,ood_mixed,168,4.448337078094482,4.0,6.0,9,8
2,ood_mixed,169,2.9999570846557617,3.0,3.0,6,2
2,ood_mixed,170,3.0007615089416504,3.0,3.0,7,6
2,ood_mixed,171,2.9999172687530518,3.0,2.0,5,4
2,ood_mixed,172,4.487572193145752,4.0,2.0,9,2
2,ood_mixed,173,3.000689744949341,3.0,3.0,7,6
2,ood_mixed,174,3.0002574920654297,3.0,3.0,7,6
2,ood_mixed,175,3.0025548934936523,3.0,3.0,5,4
2,ood_mixed,176,4.889168739318848,5.0,9.0,9,8
2,ood_mixed,177,4.082943439483643,4.0,5.0,9,2
2,ood_mixed,178,2.999979019165039,3.0,2.0,5,4
2,ood_mixed,179,3.000058889389038,3.0,3.0,5,4
2,ood_mixed,180,2.999948024749756,3.0,2.0,5,4
2,ood_mixed,181,3.0003113746643066,3.0,3.0,7,6
2,ood_mixed,182,2.999962329864502,3.0,3.0,8,2
2,ood_mixed,183,4.011212348937988,4.0,4.0,9,2
2,ood_mixed,184,2.999988079071045,3.0,2.0,5,4
2,ood_mixed,185,3.0009067058563232,3.0,3.0,7,6
2,ood_mixed,186,3.0001204013824463,3.0,3.0,8,2
2,ood_mixed,187,3.000007152557373,3.0,3.0,7,6
2,ood_mixed,188,3.0002193450927734,3.0,3.0,5,4
2,ood_mixed,189,3.0000059604644775,3.0,3.0,7,6
2,ood_mixed,190,4.988748550415039,5.0,2.0,9,8
2,ood_mixed,191,4.071803569793701,4.0,5.0,9,8
2,ood_mixed,192,4.051734447479248,4.0,5.0,9,8
2,ood_mixed,193,2.999969482421875,3.0,3.0,7,6
2,ood_mixed,194,3.000107526779175,3.0,3.0,7,6
2,ood_mixed,195,2.9999775886535645,3.0,3.0,7,6
2,ood_mixed,196,4.908840179443359,5.0,5.0,9,8
2,ood_mixed,197,2.9999375343322754,3.0,2.0,5,4
2,ood_mixed,198,3.0001025199890137,3.0,2.0,7,6
2,ood_mixed,199,3.0004167556762695,3.0,3.0,7,6
2,ood_mixed,200,4.05421781539917,4.0,7.0,9,8
2,ood_mixed,201,4.662724494934082,5.0,2.0,9,8
2,ood_mixed,202,4.791292667388916,5.0,7.0,9,8
2,ood_mixed,203,3.00026273727417,3.0,3.0,7,6
2,ood_mixed,204,3.00165057182312,3.0,3.0,5,4
2,ood_mixed,205,4.373281478881836,4.0,3.0,9,8
2,ood_mixed,206,3.000030279159546,3.0,3.0,7,2
2,ood_mixed,207,2.9998996257781982,3.0,2.0,5,4
2,ood_mixed,208,4.733371734619141,5.0,2.0,9,8
2,ood_mixed,209,3.000001907348633,3.0,3.0,7,6
2,ood_mixed,210,4.177321434020996,4.0,2.0,9,2
2,ood_mixed,211,2.9999821186065674,3.0,3.0,5,4
2,ood_mixed,212,4.052755832672119,4.0,2.0,9,2
2,ood_mixed,213,4.621329307556152,5.0,6.0,9,8
2,ood_mixed,214,3.000049352645874,3.0,3.0,5,4
2,ood_mixed,215,4.5356221199035645,5.0,2.0,9,8
2,ood_mixed,216,3.000001907348633,3.0,2.0,7,6
2,ood_mixed,217,4.239528179168701,4.0,2.0,9,8
2,ood_mixed,218,2.9999752044677734,3.0,2.0,7,6
2,ood_mixed,219,3.000011682510376,3.0,3.0,7,6
2,ood_mixed,220,3.000081777572632,3.0,2.0,8,2
2,ood_mixed,221,2.9999382495880127,3.0,2.0,5,4
2,ood_mixed,222,3.000504970550537,3.0,3.0,7,6
2,ood_mixed,223,4.068981647491455,4.0,5.0,9,2
2,ood_mixed,224,3.000009536743164,3.0,3.0,5,4
2,ood_mixed,225,4.244518756866455,4.0,2.0,9,8
2,ood_mixed,226,4.283010005950928,4.0,5.0,9,2
2,ood_mixed,227,4.759516716003418,5.0,5.0,9,8
2,ood_mixed,228,3.00028657913208,3.0,3.0,8,2
2,ood_mixed,229,4.311035633087158,4.0,5.0,9,2
2,ood_mixed,230,4.107074737548828,4.0,2.0,9,8
2,ood_mixed,231,3.0003409385681152,3.0,3.0,7,6
2,ood_mixed,232,2.999995231628418,3.0,3.0,6,2
2,ood_mixed,233,2.999835968017578,3.0,2.0,7,6
2,ood_mixed,234,4.677854537963867,5.0,4.0,9,2
2,ood_mixed,235,2.9999148845672607,3.0,2.0,7,6
2,ood_mixed,236,4.021437644958496,4.0,5.0,9,2
2,ood_mixed,237,3.0002686977386475,3.0,3.0,7,6
2,ood_mixed,238,4.401434421539307,4.0,6.0,9,8
2,ood_mixed,239,4.133440017700195,4.0,5.0,9,2
2,ood_mixed,240,4.226186752319336,4.0,2.0,9,8
2,ood_mixed,241,2.9999642372131348,3.0,2.0,8,2
2,ood_mixed,242,4.389776229858398,4.0,6.0,9,2
2,ood_mixed,243,2.999979019165039,3.0,3.0,7,6
2,ood_mixed,244,4.035327911376953,4.0,8.0,9,8
2,ood_mixed,245,4.12582540512085,4.0,2.0,9,8
2,ood_mixed,246,3.0008437633514404,3.0,3.0,5,4
2,ood_mixed,247,4.516642093658447,5.0,2.0,9,2
2,ood_mixed,248,4.427486419677734,4.0,16.0,9,8
2,ood_mixed,249,3.000145673751831,3.0,3.0,5,4
2,ood_mixed,250,4.320804595947266,4.0,2.0,9,8
2,ood_mixed,251,4.043444633483887,4.0,3.0,9,2
2,ood_mixed,252,3.000178337097168,3.0,3.0,6,2
2,ood_mixed,253,3.0004446506500244,3.0,3.0,7,6
2,ood_mixed,254,2.999965190887451,3.0,3.0,5,4
2,ood_mixed,255,3.004274606704712,3.0,3.0,5,4
2,ood_mixed,256,4.3206305503845215,4.0,2.0,9,8
2,ood_mixed,257,3.0000486373901367,3.0,3.0,7,6
2,ood_mixed,258,3.0000202655792236,3.0,2.0,8,2
2,ood_mixed,259,3.0014548301696777,3.0,3.0,7,6
2,ood_mixed,260,2.999983549118042,3.0,3.0,5,4
2,ood_mixed,261,3.0001649856567383,3.0,2.0,8,2
2,ood_mixed,262,3.000095844268799,3.0,3.0,8,2
2,ood_mixed,263,3.000053644180298,3.0,3.0,5,4
2,ood_mixed,264,4.505825996398926,5.0,5.0,9,2
2,ood_mixed,265,2.999926805496216,3.0,2.0,7,6
2,ood_mixed,266,3.000687837600708,3.0,3.0,8,2
2,ood_mixed,267,4.026092052459717,4.0,13.0,9,8
2,ood_mixed,268,3.0002810955047607,3.0,3.0,7,6
2,ood_mixed,269,4.033354759216309,4.0,16.0,9,8
2,ood_mixed,270,3.000129222869873,3.0,3.0,7,6
2,ood_mixed,271,2.9999756813049316,3.0,3.0,5,4
2,ood_mixed,272,4.847567081451416,5.0,2.0,9,8
2,ood_mixed,273,2.999924421310425,3.0,2.0,5,4
2,ood_mixed,274,3.0003108978271484,3.0,3.0,5,4
2,ood_mixed,275,3.0000646114349365,3.0,3.0,5,4
2,ood_mixed,276,2.9999217987060547,3.0,2.0,5,4
2,ood_mixed,277,2.999926805496216,3.0,2.0,8,2
2,ood_mixed,278,3.0000650882720947,3.0,3.0,5,4
2,ood_mixed,279,2.9999160766601562,3.0,2.0,8,2
2,ood_mixed,280,2.999981164932251,3.0,2.0,5,4
2,ood_mixed,281,3.0006206035614014,3.0,3.0,5,4
2,ood_mixed,282,3.000004291534424,3.0,3.0,5,4
2,ood_mixed,283,2.999910354614258,3.0,2.0,5,4
2,ood_mixed,284,3.0000059604644775,3.0,3.0,5,4
2,ood_mixed,285,4.218680381774902,4.0,4.0,9,8
2,ood_mixed,286,3.000002384185791,3.0,3.0,8,2
2,ood_mixed,287,3.000002384185791,3.0,3.0,5,4
2,ood_mixed,288,3.0003716945648193,3.0,3.0,5,4
2,ood_mixed,289,3.000171661376953,3.0,3.0,5,4
2,ood_mixed,290,3.0000216960906982,3.0,3.0,5,4
2,ood_mixed,291,4.476785659790039,4.0,2.0,9,2
2,ood_mixed,292,3.0000526905059814,3.0,3.0,5,2
2,ood_mixed,293,3.0000252723693848,3.0,3.0,7,6
2,ood_mixed,294,2.9999587535858154,3.0,3.0,8,2
2,ood_mixed,295,4.115416049957275,4.0,7.0,9,2
2,ood_mixed,296,2.99999737739563,3.0,3.0,5,4
2,ood_mixed,297,3.0001108646392822,3.0,3.0,5,4
2,ood_mixed,298,2.9999046325683594,3.0,2.0,5,4
2,ood_mixed,299,3.0001509189605713,3.0,3.0,5,4
2,ood_mixed,300,3.004890203475952,3.0,3.0,5,4
2,ood_mixed,301,3.000048875808716,3.0,3.0,7,2
2,ood_mixed,302,2.999950885772705,3.0,3.0,7,6
2,ood_mixed,303,4.022214889526367,4.0,2.0,9,8
2,ood_mixed,304,3.0007081031799316,3.0,3.0,7,6
2,ood_mixed,305,3.000826358795166,3.0,3.0,7,6
2,ood_mixed,306,3.0000760555267334,3.0,2.0,5,4
2,ood_mixed,307,4.108733177185059,4.0,5.0,9,2
2,ood_mixed,308,4.283111095428467,4.0,3.0,9,8
2,ood_mixed,309,4.551671028137207,5.0,7.0,9,2
2,ood_mixed,310,4.237325668334961,4.0,5.0,9,2
2,ood_mixed,311,4.47088098526001,4.0,3.0,9,8
2,ood_mixed,312,2.999934434890747,3.0,2.0,5,4
2,ood_mixed,313,3.0018415451049805,3.0,3.0,7,6
2,ood_mixed,314,3.000051975250244,3.0,3.0,7,6
2,ood_mixed,315,2.9999282360076904,3.0,2.0,8,2
2,ood_mixed,316,4.263198375701904,4.0,11.0,9,8
2,ood_mixed,317,3.0052289962768555,3.0,3.0,7,6
2,ood_mixed,318,3.000131607055664,3.0,3.0,7,6
2,ood_mixed,319,3.0002248287200928,3.0,3.0,7,2
2,ood_mixed,320,3.0003576278686523,3.0,3.0,7,2
2,ood_mixed,321,3.0000007152557373,3.0,3.0,5,4
2,ood_mixed,322,4.300092697143555,4.0,10.0,9,8
2,ood_mixed,323,2.9999310970306396,3.0,2.0,5,4
2,ood_mixed,324,2.9999542236328125,3.0,2.0,5,2
2,ood_mixed,325,2.999838352203369,3.0,2.0,7,6
2,ood_mixed,326,4.157155513763428,4.0,16.0,9,8
2,ood_mixed,327,3.0000081062316895,3.0,2.0,5,4
2,ood_mixed,328,3.0000159740448,3.0,3.0,5,4
2,ood_mixed,329,3.0000815391540527,3.0,3.0,7,6
2,ood_mixed,330,2.9999265670776367,3.0,2.0,5,4
2,ood_mixed,331,2.999969482421875,3.0,2.0,7,6
2,ood_mixed,332,4.232306957244873,4.0,5.0,9,8
2,ood_mixed,333,2.9999547004699707,3.0,3.0,5,4
2,ood_mixed,334,4.039803504943848,4.0,2.0,9,8
2,ood_mixed,335,3.0000412464141846,3.0,3.0,7,6
2,ood_mixed,336,4.072176933288574,4.0,2.0,9,8
2,ood_mixed,337,3.0000369548797607,3.0,2.0,7,6
2,ood_mixed,338,4.01459264755249,4.0,4.0,9,8
2,ood_mixed,339,3.0001540184020996,3.0,3.0,8,2
2,ood_mixed,340,4.0486884117126465,4.0,2.0,9,2
2,ood_mixed,341,2.9999797344207764,3.0,3.0,5,4
2,ood_mixed,342,3.0000805854797363,3.0,3.0,5,2
2,ood_mixed,343,3.0001795291900635,3.0,3.0,7,6
2,ood_mixed,344,4.1903886795043945,4.0,2.0,9,8
2,ood_mixed,345,4.497130870819092,4.0,12.0,9,8
2,ood_mixed,346,2.999965190887451,3.0,3.0,5,4
2,ood_mixed,347,4.128365516662598,4.0,8.0,9,8
2,ood_mixed,348,3.0007176399230957,3.0,3.0,5,4
2,ood_mixed,349,2.999929189682007,3.0,2.0,5,2
2,ood_mixed,350,2.9999945163726807,3.0,3.0,5,4
2,ood_mixed,351,3.000032663345337,3.0,3.0,7,6
2,ood_mixed,352,2.999945878982544,3.0,2.0,5,4
2,ood_mixed,353,3.000007152557373,3.0,3.0,7,6
2,ood_mixed,354,3.000455856323242,3.0,3.0,5,4
2,ood_mixed,355,3.000248908996582,3.0,3.0,7,6
2,ood_mixed,356,4.331628322601318,4.0,2.0,9,2
2,ood_mixed,357,3.0013718605041504,3.0,3.0,7,6
2,ood_mixed,358,4.2840070724487305,4.0,4.0,9,2
2,ood_mixed,359,4.090420722961426,4.0,2.0,9,8
2,ood_mixed,360,4.010937213897705,4.0,3.0,9,8
2,ood_mixed,361,4.0702056884765625,4.0,9.0,9,8
2,ood_mixed,362,3.000600814819336,3.0,3.0,7,6
2,ood_mixed,363,2.9998767375946045,3.0,2.0,5,4
2,ood_mixed,364,4.142726421356201,4.0,2.0,9,8
2,ood_mixed,365,4.561451435089111,5.0,8.0,9,2
2,ood_mixed,366,3.0002355575561523,3.0,3.0,5,4
2,ood_mixed,367,4.204061985015869,4.0,2.0,9,8
2,ood_mixed,368,3.0000765323638916,3.0,3.0,6,2
2,ood_mixed,369,3.000042200088501,3.0,3.0,7,6
2,ood_mixed,370,3.0000956058502197,3.0,3.0,7,6
2,ood_mixed,371,2.999964952468872,3.0,3.0,5,4
2,ood_mixed,372,4.291241645812988,4.0,7.0,9,8
2,ood_mixed,373,4.080442905426025,4.0,4.0,9,2
2,ood_mixed,374,3.0000643730163574,3.0,3.0,8,2
2,ood_mixed,375,2.9999711513519287,3.0,3.0,5,4
2,ood_mixed,376,3.000291109085083,3.0,3.0,5,4
2,ood_mixed,377,4.805299758911133,5.0,2.0,9,8
2,ood_mixed,378,2.9999876022338867,3.0,3.0,7,6
2,ood_mixed,379,4.173992156982422,4.0,5.0,9,8
2,ood_mixed,380,3.000157356262207,3.0,3.0,7,6
2,ood_mixed,381,2.9999687671661377,3.0,3.0,5,4
2,ood_mixed,382,3.000366449356079,3.0,3.0,5,4
2,ood_mixed,383,4.0612287521362305,4.0,4.0,9,8
2,ood_mixed,384,3.0003128051757812,3.0,3.0,7,2
2,ood_mixed,385,4.182915687561035,4.0,7.0,9,2
2,ood_mixed,386,4.907256603240967,5.0,2.0,9,8
2,ood_mixed,387,3.0025696754455566,3.0,3.0,8,2
2,ood_mixed,388,4.889745235443115,5.0,4.0,9,8
2,ood_mixed,389,4.655214786529541,5.0,2.0,9,8
2,ood_mixed,390,2.9998667240142822,3.0,2.0,7,6
2,ood_mixed,391,2.999971628189087,3.0,3.0,5,4
2,ood_mixed,392,3.9528675079345703,4.0,5.0,9,8
2,ood_mixed,393,3.0010550022125244,3.0,3.0,7,2
2,ood_mixed,394,2.9999442100524902,3.0,2.0,5,4
2,ood_mixed,395,3.0003697872161865,3.0,3.0,7,6
2,ood_mixed,396,2.999985456466675,3.0,3.0,7,6
2,ood_mixed,397,3.0004451274871826,3.0,3.0,8,2
2,ood_mixed,398,2.9998936653137207,3.0,2.0,7,6
2,ood_mixed,399,4.322018146514893,4.0,5.0,9,8
2,ood_mixed,400,4.59955358505249,5.0,8.0,9,2
2,ood_mixed,401,2.9999427795410156,3.0,3.0,7,2
2,ood_mixed,402,4.403120040893555,4.0,5.0,9,8
2,ood_mixed,403,4.372800350189209,4.0,2.0,9,8
2,ood_mixed,404,2.999950647354126,3.0,3.0,5,4
2,ood_mixed,405,2.999971628189087,3.0,2.0,6,2
2,ood_mixed,406,4.481490612030029,4.0,11.0,9,8
2,ood_mixed,407,2.9999513626098633,3.0,2.0,7,6
2,ood_mixed,408,3.0000815391540527,3.0,3.0,7,6
2,ood_mixed,409,4.400686740875244,4.0,2.0,9,8
2,ood_mixed,410,3.000473976135254,3.0,3.0,5,2
2,ood_mixed,411,4.135349273681641,4.0,14.0,9,8
2,ood_mixed,412,4.097387313842773,4.0,6.0,9,2
2,ood_mixed,413,3.00264835357666,3.0,3.0,7,6
2,ood_mixed,414,3.0001516342163086,3.0,3.0,5,4
2,ood_mixed,415,4.44025993347168,4.0,6.0,9,8
2,ood_mixed,416,4.810283184051514,5.0,2.0,9,8
2,ood_mixed,417,2.9999539852142334,3.0,2.0,7,2
2,ood_mixed,418,2.9999289512634277,3.0,2.0,5,4
2,ood_mixed,419,3.0001325607299805,3.0,3.0,5,4
2,ood_mixed,420,4.851968765258789,5.0,7.0,9,2
2,ood_mixed,421,3.000195026397705,3.0,3.0,5,4
2,ood_mixed,422,4.0286641120910645,4.0,2.0,9,8
2,ood_mixed,423,3.000730037689209,3.0,3.0,7,6
2,ood_mixed,424,4.899161338806152,5.0,9.0,9,2
2,ood_mixed,425,3.0000147819519043,3.0,3.0,8,2
2,ood_mixed,426,5.0439300537109375,5.0,2.0,9,8
2,ood_mixed,427,3.0209670066833496,3.0,3.0,5,4
2,ood_mixed,428,3.000377893447876,3.0,3.0,7,6
2,ood_mixed,429,3.0000059604644775,3.0,2.0,7,2
2,ood_mixed,430,2.999988555908203,3.0,3.0,5,4
2,ood_mixed,431,2.9998996257781982,3.0,2.0,7,6
2,ood_mixed,432,2.999908924102783,3.0,2.0,5,4
2,ood_mixed,433,3.9897944927215576,4.0,16.0,9,8
2,ood_mixed,434,3.000657558441162,3.0,3.0,5,4
2,ood_mixed,435,3.030524492263794,3.0,3.0,7,2
2,ood_mixed,436,4.361769676208496,4.0,10.0,9,8
2,ood_mixed,437,3.000128984451294,3.0,3.0,7,2
2,ood_mixed,438,4.879072189331055,5.0,8.0,9,8
2,ood_mixed,439,2.999920129776001,3.0,2.0,7,2
2,ood_mixed,440,3.000059127807617,3.0,3.0,7,6
2,ood_mixed,441,3.000303030014038,3.0,3.0,5,4
2,ood_mixed,442,4.892100811004639,5.0,11.0,9,8
2,ood_mixed,443,3.000154495239258,3.0,3.0,5,4
2,ood_mixed,444,4.507915496826172,5.0,4.0,9,8
2,ood_mixed,445,3.000032424926758,3.0,2.0,8,2
2,ood_mixed,446,2.999979019165039,3.0,3.0,5,4
2,ood_mixed,447,3.000168561935425,3.0,3.0,8,2
2,ood_mixed,448,4.307217121124268,4.0,2.0,9,8
2,ood_mixed,449,3.000007152557373,3.0,3.0,5,4
2,ood_mixed,450,2.9998703002929688,3.0,2.0,7,6
2,ood_mixed,451,4.252885341644287,4.0,7.0,9,2
2,ood_mixed,452,3.000016450881958,3.0,3.0,5,4
2,ood_mixed,453,3.000422716140747,3.0,3.0,6,2
2,ood_mixed,454,3.000170946121216,3.0,3.0,7,6
2,ood_mixed,455,4.144429683685303,4.0,8.0,9,8
2,ood_mixed,456,4.138494968414307,4.0,10.0,9,8
2,ood_mixed,457,2.9999871253967285,3.0,3.0,5,4
2,ood_mixed,458,4.351360321044922,4.0,4.0,9,2
2,ood_mixed,459,4.122000694274902,4.0,12.0,9,8
2,ood_mixed,460,3.000311851501465,3.0,3.0,7,6
2,ood_mixed,461,3.0008909702301025,3.0,3.0,5,4
2,ood_mixed,462,3.0000221729278564,3.0,3.0,8,2
2,ood_mixed,463,2.999845266342163,3.0,2.0,5,4
2,ood_mixed,464,3.997864246368408,4.0,2.0,9,2
2,ood_mixed,465,2.9999401569366455,3.0,3.0,5,4
2,ood_mixed,466,4.142449855804443,4.0,2.0,9,2
2,ood_mixed,467,3.0073163509368896,3.0,3.0,6,2
2,ood_mixed,468,2.9999258518218994,3.0,2.0,5,4
2,ood_mixed,469,4.158277988433838,4.0,2.0,9,8
2,ood_mixed,470,2.9998905658721924,3.0,2.0,5,4
2,ood_mixed,471,2.999922037124634,3.0,3.0,7,6
2,ood_mixed,472,2.999974250793457,3.0,2.0,8,2
2,ood_mixed,473,3.0001986026763916,3.0,3.0,7,6
2,ood_mixed,474,3.000232219696045,3.0,3.0,5,4
2,ood_mixed,475,4.597296237945557,5.0,5.0,9,2
2,ood_mixed,476,3.0000059604644775,3.0,3.0,5,2
2,ood_mixed,477,3.000077247619629,3.0,3.0,8,2
2,ood_mixed,478,3.0005993843078613,3.0,3.0,5,4
2,ood_mixed,479,2.9999866485595703,3.0,3.0,8,2
2,ood_mixed,480,2.9998817443847656,3.0,2.0,7,6
2,ood_mixed,481,2.9999375343322754,3.0,2.0,7,6
2,ood_mixed,482,2.9999241828918457,3.0,2.0,5,4
2,ood_mixed,483,4.718310832977295,5.0,10.0,9,2
2,ood_mixed,484,3.0003886222839355,3.0,3.0,7,6
2,ood_mixed,485,2.9998955726623535,3.0,2.0,5,4
2,ood_mixed,486,3.000244379043579,3.0,3.0,7,6
2,ood_mixed,487,2.9999196529388428,3.0,2.0,7,6
2,ood_mixed,488,2.999907970428467,3.0,2.0,7,6
2,ood_mixed,489,3.000761032104492,3.0,3.0,7,2
2,ood_mixed,490,2.999950647354126,3.0,2.0,8,2
2,ood_mixed,491,4.103557109832764,4.0,2.0,9,8
2,ood_mixed,492,2.999958038330078,3.0,3.0,7,6
2,ood_mixed,493,4.395491123199463,4.0,7.0,9,8
2,ood_mixed,494,3.0001413822174072,3.0,3.0,5,4
2,ood_mixed,495,3.0002026557922363,3.0,2.0,8,2
2,ood_mixed,496,4.143863677978516,4.0,3.0,9,8
2,ood_mixed,497,2.999886989593506,3.0,2.0,5,4
2,ood_mixed,498,4.199039459228516,4.0,2.0,9,8
2,ood_mixed,499,3.000150680541992,3.0,3.0,8,2
2,ood_mixed,500,3.000235080718994,3.0,3.0,5,4
2,ood_mixed,501,3.000004529953003,3.0,3.0,7,6
2,ood_mixed,502,4.040444374084473,4.0,2.0,9,8
2,ood_mixed,503,2.999987840652466,3.0,2.0,5,4
2,ood_mixed,504,4.281709671020508,4.0,2.0,9,8
2,ood_mixed,505,3.0006418228149414,3.0,3.0,8,2
2,ood_mixed,506,3.000009775161743,3.0,3.0,5,4
2,ood_mixed,507,2.999932050704956,3.0,2.0,7,2
2,ood_mixed,508,4.143483638763428,4.0,2.0,9,8
2,ood_mixed,509,3.0000128746032715,3.0,3.0,7,6
2,ood_mixed,510,3.0001657009124756,3.0,2.0,6,2
2,ood_mixed,511,4.087368488311768,4.0,5.0,9,2
